2020-05-19T17:34:17.034Z,self_tester, iPhone 11 Pro Max,anon4’s iPhone,10
2020-05-19T17:34:35.373Z,self_tester, iPhone 11 Pro Max,anon4’s iPhone,10
2020-05-19T17:34:54.073Z,self_tester, iPhone 11 Pro Max,anon4’s iPhone,10
2020-05-19T17:35:12.888Z,self_tester, iPhone 11 Pro Max,anon4’s iPhone,10
2020-05-19T17:35:31.672Z,self_tester, iPhone 11 Pro Max,anon4’s iPhone,10
2020-05-19T17:35:49.993Z,self_tester, iPhone 11 Pro Max,anon4’s iPhone,10
2020-05-19T17:36:08.706Z,self_tester, iPhone 11 Pro Max,anon4’s iPhone,10
2020-05-19T17:36:27.506Z,self_tester, iPhone 11 Pro Max,anon4’s iPhone,10
2020-05-19T17:37:29.203Z,self_tester, iPhone 11 Pro Max,anon4’s iPhone,12
2020-05-19T17:37:47.906Z,self_tester, iPhone 11 Pro Max,anon4’s iPhone,12
2020-05-19T17:38:06.639Z,self_tester, iPhone 11 Pro Max,anon4’s iPhone,12
2020-05-19T17:38:24.992Z,self_tester, iPhone 11 Pro Max,anon4’s iPhone,12
2020-05-19T17:38:43.816Z,self_tester, iPhone 11 Pro Max,anon4’s iPhone,12
2020-05-19T17:39:02.572Z,self_tester, iPhone 11 Pro Max,anon4’s iPhone,12
2020-05-19T17:39:21.138Z,self_tester, iPhone 11 Pro Max,anon4’s iPhone,12
2020-05-19T17:39:39.872Z,self_tester, iPhone 11 Pro Max,anon4’s iPhone,12
2020-05-19T17:40:04.639Z,self_tester, iPhone 11 Pro Max,anon4’s iPhone,15
2020-05-19T17:40:23.071Z,self_tester, iPhone 11 Pro Max,anon4’s iPhone,15
2020-05-19T17:40:41.737Z,self_tester, iPhone 11 Pro Max,anon4’s iPhone,15
2020-05-19T17:40:59.992Z,self_tester, iPhone 11 Pro Max,anon4’s iPhone,15
2020-05-19T17:41:18.738Z,self_tester, iPhone 11 Pro Max,anon4’s iPhone,15
2020-05-19T17:41:37.538Z,self_tester, iPhone 11 Pro Max,anon4’s iPhone,15
2020-05-19T17:41:56.338Z,self_tester, iPhone 11 Pro Max,anon4’s iPhone,15
2020-05-19T17:42:14.992Z,self_tester, iPhone 11 Pro Max,anon4’s iPhone,15
2020-05-19T17:17:22.437Z,self_tester, iPhone 11 Pro Max,anon4’s iPhone,3
2020-05-19T17:17:40.521Z,self_tester, iPhone 11 Pro Max,anon4’s iPhone,3
2020-05-19T17:19:35.593Z,self_tester, iPhone 11 Pro Max,anon4’s iPhone,3
2020-05-19T17:19:54.144Z,self_tester, iPhone 11 Pro Max,anon4’s iPhone,3
2020-05-19T17:20:12.910Z,self_tester, iPhone 11 Pro Max,anon4’s iPhone,3
2020-05-19T17:20:31.676Z,self_tester, iPhone 11 Pro Max,anon4’s iPhone,3
2020-05-19T17:20:49.995Z,self_tester, iPhone 11 Pro Max,anon4’s iPhone,3
2020-05-19T17:21:08.676Z,self_tester, iPhone 11 Pro Max,anon4’s iPhone,3
2020-05-19T17:21:27.490Z,self_tester, iPhone 11 Pro Max,anon4’s iPhone,3
2020-05-19T17:21:46.309Z,self_tester, iPhone 11 Pro Max,anon4’s iPhone,3
2020-05-19T17:23:11.239Z,self_tester, iPhone 11 Pro Max,anon4’s iPhone,4
2020-05-19T17:23:29.842Z,self_tester, iPhone 11 Pro Max,anon4’s iPhone,4
2020-05-19T17:23:48.641Z,self_tester, iPhone 11 Pro Max,anon4’s iPhone,4
2020-05-19T17:24:07.375Z,self_tester, iPhone 11 Pro Max,anon4’s iPhone,4
2020-05-19T17:24:26.108Z,self_tester, iPhone 11 Pro Max,anon4’s iPhone,4
2020-05-19T17:24:44.842Z,self_tester, iPhone 11 Pro Max,anon4’s iPhone,4
2020-05-19T17:25:03.642Z,self_tester, iPhone 11 Pro Max,anon4’s iPhone,4
2020-05-19T17:25:22.442Z,self_tester, iPhone 11 Pro Max,anon4’s iPhone,4
2020-05-19T17:26:00.084Z,self_tester, iPhone 11 Pro Max,anon4’s iPhone,5
2020-05-19T17:26:18.907Z,self_tester, iPhone 11 Pro Max,anon4’s iPhone,5
2020-05-19T17:26:37.642Z,self_tester, iPhone 11 Pro Max,anon4’s iPhone,5
2020-05-19T17:26:56.308Z,self_tester, iPhone 11 Pro Max,anon4’s iPhone,5
2020-05-19T17:27:14.994Z,self_tester, iPhone 11 Pro Max,anon4’s iPhone,5
2020-05-19T17:27:33.674Z,self_tester, iPhone 11 Pro Max,anon4’s iPhone,5
2020-05-19T17:27:52.489Z,self_tester, iPhone 11 Pro Max,anon4’s iPhone,5
2020-05-19T17:28:11.241Z,self_tester, iPhone 11 Pro Max,anon4’s iPhone,5
2020-05-19T17:28:39.765Z,self_tester, iPhone 11 Pro Max,anon4’s iPhone,6
2020-05-19T17:28:58.575Z,self_tester, iPhone 11 Pro Max,anon4’s iPhone,6
2020-05-19T17:29:17.308Z,self_tester, iPhone 11 Pro Max,anon4’s iPhone,6
2020-05-19T17:29:35.874Z,self_tester, iPhone 11 Pro Max,anon4’s iPhone,6
2020-05-19T17:29:54.574Z,self_tester, iPhone 11 Pro Max,anon4’s iPhone,6
2020-05-19T17:30:13.374Z,self_tester, iPhone 11 Pro Max,anon4’s iPhone,6
2020-05-19T17:30:31.839Z,self_tester, iPhone 11 Pro Max,anon4’s iPhone,6
2020-05-19T17:30:49.993Z,self_tester, iPhone 11 Pro Max,anon4’s iPhone,6
2020-05-19T17:31:41.734Z,self_tester, iPhone 11 Pro Max,anon4’s iPhone,8
2020-05-19T17:31:59.993Z,self_tester, iPhone 11 Pro Max,anon4’s iPhone,8
2020-05-19T17:32:18.807Z,self_tester, iPhone 11 Pro Max,anon4’s iPhone,8
2020-05-19T17:32:37.574Z,self_tester, iPhone 11 Pro Max,anon4’s iPhone,8
2020-05-19T17:32:56.306Z,self_tester, iPhone 11 Pro Max,anon4’s iPhone,8
2020-05-19T17:33:14.993Z,self_tester, iPhone 11 Pro Max,anon4’s iPhone,8
2020-05-19T17:33:33.806Z,self_tester, iPhone 11 Pro Max,anon4’s iPhone,8
2020-05-19T17:33:52.574Z,self_tester, iPhone 11 Pro Max,anon4’s iPhone,8
